url,name,address,city,state,phone
http://www.brentmarshallcpa.com/,Results,"îƒˆ1071 Hancock Rd Suite 3, Bullhead City, AZ 86442",Bullhead City,AZ,î‚°(928) 542-4654
http://mvtaxservice.com/,Results,"îƒˆ2400 AZ-95 Ste 44, Bullhead City, AZ 86442",Bullhead City,AZ,î‚°(928) 763-1098
https://edransomcpa.com/,Results,"îƒˆ1071 Hancock Rd Suite#2, Bullhead City, AZ 86442",Bullhead City,AZ,î‚°(760) 963-3103
http://www.garybbensoncpa.com/,Results,"îƒˆ2377 Cottage Hill Ave, Laughlin, NV 89029",Laughlin,NV,î‚°(702) 298-3728
https://sealsandassociates.com/,Results,,Bullhead City,AZ,î‚°(928) 299-2063
http://jetaxservice.com/,Results,"îƒˆ967 Marina Blvd, Bullhead City, AZ 86442",Bullhead City,AZ,î‚°(928) 763-6287
https://harringtonaccountingandtax.com/,Results,"îƒˆ1047 AZ-95 B5, Bullhead City, AZ 86429",Bullhead City,AZ,î‚°(928) 763-1440
http://www.deserttaxservices.com/,Results,"îƒˆ2001 AZ-95 #5, Bullhead City, AZ 86442",Bullhead City,AZ,î‚°(928) 763-6740
http://brentmarshallcpa.com/,Results,"îƒˆ2580 AZ-95 # B, Bullhead City, AZ 86442",Bullhead City,AZ,î‚°(928) 542-4654
https://splinternetmarketing.com/local-pros/arizona/bullhead-city/action-bookkeeping/,Results,"îƒˆ6784, 1475 Palma Rd #1, Bullhead City, AZ 86442",Bullhead City,AZ,î‚°(928) 758-6945
https://www.hrblock.com/tax-office-near-me/arizona/bullhead-city/17868/?otppartnerid=9308&campaignid=pw_mcm_9308_9762&utm_medium=local,Results,"îƒˆ2840 AZ-95 Ste 404, Bullhead City, AZ 86442",Bullhead City,AZ,î‚°(928) 278-6093
http://www.mcbrideea.com/,Results,"îƒˆ3640 AZ-95 # 115, Bullhead City, AZ 86442",Bullhead City,AZ,î‚°(928) 763-3143
http://www.gotsfc.com/,Results,"îƒˆTSFC Insurance Agency, 1854 AZ-95, Bullhead City, AZ 86442",Bullhead City,AZ,î‚°(928) 763-4360
https://office.jacksonhewitt.com/tax-preparation-services-locations/en/az/bullhead-city/2681-highway-95/12860?utm_source=google&utm_medium=local&utm_campaign=local&utm_content=12860,Results,"îƒˆ2681 AZ-95 Ste 102, Bullhead City, AZ 86442",Bullhead City,AZ,î‚°(928) 444-1188
https://eastwestfinancialservicellc.com/,Results,"îƒˆ2580 AZ-95 Suite 212, Bullhead City, AZ 86442",Bullhead City,AZ,î‚°(928) 888-9828
http://www.bullheadcity.com/,Results,"îƒˆ2355 Trane Rd, Bullhead City, AZ 86442",Bullhead City,AZ,î‚°(928) 763-0166
https://www.hrblock.com/tax-office-near-me/arizona/fort-mohave/17867/?otppartnerid=9308&campaignid=pw_mcm_9308_9762&utm_medium=local,Results,"îƒˆ4825 S Hwy 95 Ste 8, Fort Mohave, AZ 86426",Fort Mohave,AZ,î‚°(928) 763-3444
http://www.10keybookkeeping.com/,Results,"îƒˆ1585 S Casino Dr, Laughlin, NV 89029",Laughlin,NV,î‚°(702) 509-1266
https://www.hrblock.com/tax-office-near-me/nevada/laughlin/17192/?otppartnerid=9308&campaignid=pw_mcm_9308_9762&utm_medium=local,Results,"îƒˆ3030 Needles Hwy Ste 1000, Laughlin, NV 89029",Laughlin,NV,î‚°(702) 298-3030
https://connect.thrivent.com/mark-d-larson?utm_source=GMB&utm_medium=Yext&y_source=1_MTU4NzUzNzgtNzE1LWxvY2F0aW9uLndlYnNpdGU%3D,Results,"îƒˆ2020 Silver Creek Rd c108, Bullhead City, AZ 86442",Bullhead City,AZ,î‚°(928) 704-7275
https://automobileconsultingservices.com/contact-us,Results,"îƒˆ2691 Miracle Mile, Bullhead City, AZ 86442",Bullhead City,AZ,î‚°(928) 763-1633
https://www.arizonaaccountingandbookkeeping.com/bookkeeping-in-fort-mohave/,Results,"îƒˆ5290 Calle del Media, Fort Mohave, AZ 86426",Fort Mohave,AZ,î‚°(928) 768-2550
https://www.mohave.gov/departments/assessor/,Results,"îƒˆ1130 Hancock Rd, Bullhead City, AZ 86442",Bullhead City,AZ,î‚°(928) 758-0701
https://www.edwardjones.com/us-en/financial-advisor/david-spak?y_source=1_MTA4OTkzODAtNzE1LWxvY2F0aW9uLndlYnNpdGU%3D,Results,"îƒˆ2580 AZ-95 STE 104, Bullhead City, AZ 86442",Bullhead City,AZ,î‚°(928) 459-4509
https://booksbyamandallc.com/,Results,,Bullhead City,AZ,î‚°(928) 201-6491
http://www.mvtaxservice.com/,Results,"îƒˆ2231 McCulloch Blvd N #109, Lake Havasu City, AZ 86403",Lake Havasu City,AZ,î‚°(928) 854-1040
http://www.coloradoplace.com/,Results,"îƒˆ2580-2585 AZ-95, Bullhead City, AZ 86442",Bullhead City,AZ,î‚°(928) 704-0460
https://office.jacksonhewitt.com/tax-preparation-services-locations/en/az/bullhead-city/2840-highway-95/51370?utm_source=google&utm_medium=local&utm_campaign=local&utm_content=51370,Results,"îƒˆ2840 S Hwy 95, Bullhead City, AZ 86442",Bullhead City,AZ,î‚°(928) 310-6647
